{
  "images" : [
    {
      "filename" : "TopShelfNormal@1.png",
      "idiom" : "tv",
      "scale" : "1x"
    },
    {
      "filename" : "TopShelfNormal@2.png",
      "idiom" : "tv",
      "scale" : "2x"
    },
    {
      "filename" : "TopShelfNormal@1-1.png",
      "idiom" : "tv-marketing",
      "scale" : "1x"
    },
    {
      "filename" : "TopShelfNormal@2-1.png",
      "idiom" : "tv-marketing",
      "scale" : "2x"
    }
  ],
  "info" : {
    "author" : "xcode",
    "version" : 1
  }
}
